Workbook

Sheet Read me
A1: Ledger Service v3 — Assessment Workbook
A2: Every figure in report PE-RA-2026-014 Rev. C, with the arithmetic left in place.
A4: Document | B4: PE-RA-2026-014 · Revision C
A5: Prepared by | B5: A. Reyes (lead), M. Farouk, J. Lindqvist
A6: Prepared for | B6: R. Halversen, VP Engineering
A7: Date | B7: 46255
A8: Classification | B8: Internal — Confidential
A10: Sheet | B10: What it holds
A11: Assumptions | B11: Every input the rest of the workbook reads. Blue cells are the only things to edit.
A12: Throughput | B12: Sustained transactions per second by workload, v2.7 against v3.0.
A13: Latency | B13: p95 latency per endpoint against its published objective.
A14: Shadow run | B14: Twenty-one days of entry-by-entry comparison, day by day.
A15: Cost model | B15: Monthly infrastructure cost, the saving, and the payback period.
A16: Risk register | B16: Open risks, scored. Anything at 12 or above gates the cutover.
A17: Readiness | B17: The operational checklist and how much of it is done.
A19: Headline figures
A20: Entries compared | B20: ='Shadow run'!C26 -> 412380551
A21: Mismatches recorded | B21: ='Shadow run'!D26 -> 37
A22: Mismatch rate | B22: ='Shadow run'!D26/'Shadow run'!C26 -> 8.9722951e-08
A23: Saved every month | B23: ='Cost model'!C14 -> 3150
A24: Payback period (months) | B24: ='Cost model'!C18 -> 13
A25: Risks that gate the cutover | B25: ='Risk register'!C13 -> 3
A26: Readiness items complete | B26: =Readiness!C13 -> 4
A28: Conventions
A29: Blue text | B29: A hard-coded input. Change these and the workbook follows.
A30: Black text | B30: A formula. Do not overwrite it with a number.
A31: Named ranges | B31: MigrationWeeks, CostPerWeek, VolumeGrowth, WarmFleetDays, WarmFleetDailyCost, RiskGateThreshold, EntriesCompared.
A33: Sample workbook. All names, figures and findings are invented.

Sheet Assumptions
A1: Assumptions
A2: Section references point at PE-RA-2026-014 Rev. C. Blue cells are inputs; nothing here is derived.
A4: Parameter | B4: Value | C4: Unit | D4: Source
A5: MigrationWeeks | B5: 6.5 | C5: engineer-weeks | D5: §4
A6: CostPerWeek | B6: 6300 | C6: $ per engineer-week | D6: §4
A7: VolumeGrowth | B7: 0.22 | C7: fraction, next 12 months | D7: Finance forecast
A8: WarmFleetDays | B8: 14 | C8: days v2.7 stays warm | D8: §6.4
A9: WarmFleetDailyCost | B9: 915 | C9: $ per day | D9: §6.4
A10: RiskGateThreshold | B10: 12 | C10: score that gates cutover | D10: PE-STD-004
A11: ShadowDays | B11: 21 | C11: days of shadow traffic | D11: §2.1
A12: RTOMinutes | B12: 30 | C12: minutes, recovery objective | D12: §5 R-04
A13: EntriesCompared | B13: 412380551 | C13: entries in the shadow run | D13: §3.3
A15: One-time migration cost | B15: =MigrationWeeks*CostPerWeek -> 40950 | C15: derived from the two rows above
A16: Cost of keeping v2.7 warm | B16: =WarmFleetDays*WarmFleetDailyCost -> 12810 | C16: seven days longer than first planned

Sheet Throughput
A1: Throughput by workload
A2: Sustained transactions per second, median of three 45-minute soaks on identical hardware.
A4: Workload | B4: v2.7 baseline | C4: v3.0 candidate | D4: Change | E4: Direction
A5: Posting, single entry | B5: 1420 | C5: 3180 | D5: =(C5-B5)/B5 -> 1.2394366 | E5: =IF(D5>0,"Faster","Slower") -> Faster
A6: Posting, batch of 500 | B6: 9600 | C6: 24100 | D6: =(C6-B6)/B6 -> 1.5104167 | E6: =IF(D6>0,"Faster","Slower") -> Faster
A7: Balance read, cached | B7: 41000 | C7: 44500 | D7: =(C7-B7)/B7 -> 0.085365854 | E7: =IF(D7>0,"Faster","Slower") -> Faster
A8: Balance read, cold | B8: 2050 | C8: 1780 | D8: =(C8-B8)/B8 -> -0.13170732 | E8: =IF(D8>0,"Faster","Slower") -> Slower
A9: Reversal | B9: 880 | C9: 1910 | D9: =(C9-B9)/B9 -> 1.1704545 | E9: =IF(D9>0,"Faster","Slower") -> Faster
A11: The cold-read regression follows from the new cache key layout: entries that used to share a key now sit in separate slots, so a flush costs more to recover from. Pre-warming closes most of the gap.

Sheet Latency
A1: Latency against objectives
A2: p95 at peak load, measured at the load generator rather than inside the service.
A4: Endpoint | B4: v2.7 p95 | C4: v3.0 p95 | D4: Objective | E4: Change | F4: Headroom | G4: Verdict
A5: POST /entries | B5: 84 | C5: 37 | D5: 50 | E5: =(C5-B5)/B5 -> -0.55952381 | F5: =D5-C5 -> 13 | G5: =IF(C5<=D5,"Pass","Fail") -> Pass
A6: GET /accounts/{id}/balance | B6: 12 | C6: 11 | D6: 25 | E6: =(C6-B6)/B6 -> -0.083333333 | F6: =D6-C6 -> 14 | G6: =IF(C6<=D6,"Pass","Fail") -> Pass
A7: POST /reversals | B7: 143 | C7: 61 | D7: 100 | E7: =(C7-B7)/B7 -> -0.57342657 | F7: =D7-C7 -> 39 | G7: =IF(C7<=D7,"Pass","Fail") -> Pass
A8: GET /statements (90-day range) | B8: 1910 | C8: 2240 | D8: 1500 | E8: =(C8-B8)/B8 -> 0.17277487 | F8: =D8-C8 -> -740 | G8: =IF(C8<=D8,"Pass","Fail") -> Fail
A10: Endpoints inside objective | B10: =COUNTIF(G5:G8,"Pass")&" of "&COUNTA(G5:G8) -> 3 of 4
A11: Worst miss | B11: =-MIN(F5:F8) -> 740
A13: Blocker B-1. A query plan diff traced the statement regression to a missing covering index on the new partition scheme. The fix is queued for 3.0.5 and must land before Phase 2.

Sheet Shadow run
A1: Shadow run, day by day
A2: Every live request was copied to v3.0 and its response discarded. Only the resulting ledger entries were compared.
A4: Day | B4: Date | C4: Entries compared | D4: Mismatches | E4: Cumulative | F4: Rate to date | G4: Build under test
A5: 1 | B5: 46229 | C5: 15587537 | D5: 4 | E5: =SUM($D$5:D5) -> 4 | F5: =E5/SUM($C$5:C5) -> 2.5661527e-07 | G5: 3.0.3
A6: 2 | B6: 46230 | C6: 20843372 | D6: 3 | E6: =SUM($D$5:D6) -> 7 | F6: =E6/SUM($C$5:C6) -> 1.9214453e-07 | G6: 3.0.3
A7: 3 | B7: 46231 | C7: 22332184 | D7: 5 | E7: =SUM($D$5:D7) -> 12 | F7: =E7/SUM($C$5:C7) -> 2.0420981e-07 | G7: 3.0.3
A8: 4 | B8: 46232 | C8: 20417997 | D8: 2 | E8: =SUM($D$5:D8) -> 14 | F8: =E8/SUM($C$5:C8) -> 1.7680989e-07 | G8: 3.0.3
A9: 5 | B9: 46233 | C9: 21481434 | D9: 4 | E9: =SUM($D$5:D9) -> 18 | F9: =E9/SUM($C$5:C9) -> 1.7881531e-07 | G9: 3.0.3
A10: 6 | B10: 46234 | C10: 22544872 | D10: 3 | E10: =SUM($D$5:D10) -> 21 | F10: =E10/SUM($C$5:C10) -> 1.7044431e-07 | G10: 3.0.3
A11: 7 | B11: 46235 | C11: 14376855 | D11: 2 | E11: =SUM($D$5:D11) -> 23 | F11: =E11/SUM($C$5:C11) -> 1.671703e-07 | G11: 3.0.3
A12: 8 | B12: 46236 | C12: 15436202 | D12: 3 | E12: =SUM($D$5:D12) -> 26 | F12: =E12/SUM($C$5:C12) -> 1.6991193e-07 | G12: 3.0.3
A13: 9 | B13: 46237 | C13: 20630684 | D13: 2 | E13: =SUM($D$5:D13) -> 28 | F13: =E13/SUM($C$5:C13) -> 1.6124283e-07 | G13: 3.0.3
A14: 10 | B14: 46238 | C14: 22119497 | D14: 3 | E14: =SUM($D$5:D14) -> 31 | F14: =E14/SUM($C$5:C14) -> 1.5834857e-07 | G14: 3.0.3
A15: 11 | B15: 46239 | C15: 21268747 | D15: 2 | E15: =SUM($D$5:D15) -> 33 | F15: =E15/SUM($C$5:C15) -> 1.5204614e-07 | G15: 3.0.3
A16: 12 | B16: 46240 | C16: 19992622 | D16: 2 | E16: =SUM($D$5:D16) -> 35 | F16: =E16/SUM($C$5:C16) -> 1.4765939e-07 | G16: 3.0.3
... A25: 21 | B25: 46249 | C25: 15587538 | D25: 0 | E25: =SUM($D$5:D25) -> 37 | F25: =E25/SUM($C$5:C25) -> 8.9722951e-08 | G25: 3.0.4
A26: Total | C26: =SUM(C5:C25) -> 412380551 | D26: =SUM(D5:D25) -> 37 | F26: =D26/C26 -> 8.9722951e-08
A28: Entries expected (Assumptions) | D28: =EntriesCompared -> 412380551
A29: Check | D29: =IF(C26=D28,"OK","MISMATCH") -> OK
A30: Mismatches after 3.0.4 shipped | D30: =SUM(D19:D25) -> 0

Sheet Cost model
A1: Cost model
A2: Projected monthly infrastructure cost at current production volume, and what happens when volume grows.
A4: Line item | B4: v2.7 / month | C4: v3.0 / month | D4: Change | E4: Change % | F4: Scales with posting rate
A5: Compute — API tier | B5: 18400 | C5: 11900 | D5: =C5-B5 -> -6500 | E5: =D5/B5 -> -0.35326087 | F5: Yes
A6: Compute — worker tier | B6: 7250 | C6: 8900 | D6: =C6-B6 -> 1650 | E6: =D6/B6 -> 0.22758621 | F6: No
A7: Managed PostgreSQL | B7: 22000 | C7: 22000 | D7: =C7-B7 -> 0 | E7: =D7/B7 -> 0 | F7: No
A8: Redis cache | B8: 3100 | C8: 4400 | D8: =C8-B8 -> 1300 | E8: =D8/B8 -> 0.41935484 | F8: No
A9: Object storage and egress | B9: 1860 | C9: 1910 | D9: =C9-B9 -> 50 | E9: =D9/B9 -> 0.02688172 | F9: No
A10: Observability | B10: 2400 | C10: 2750 | D10: =C10-B10 -> 350 | E10: =D10/B10 -> 0.14583333 | F10: No
A11: Total | B11: =SUM(B5:B10) -> 55010 | C11: =SUM(C5:C10) -> 51860 | D11: =SUM(D5:D10) -> -3150 | E11: =D11/B11 -> -0.057262316
A13: Payback
A14: Saved every month | C14: =-D11 -> 3150
A15: Migration effort | C15: =MigrationWeeks -> 6.5
A16: Cost per engineer-week | C16: =CostPerWeek -> 6300
A17: One-time migration cost | C17: =MigrationWeeks*CostPerWeek -> 40950
A18: Payback period | C18: =C17/C14 -> 13
A19: Cost of keeping v2.7 warm | C19: =WarmFleetDays*WarmFleetDailyCost -> 12810
A21: At the volume Finance forecasts
A22: Volume growth | C22: =VolumeGrowth -> 0.22
A23: v2.7 cost at forecast volume | C23: =SUMIF($F$5:$F$10,"Yes",$B$5:$B$10)*(1+VolumeGrowth)+SUMIF($F$5:$F$10,"No",$B$5:$B$10) -> 59058
A24: v3.0 cost at forecast volume | C24: =SUMIF($F$5:$F$10,"Yes",$C$5:$C$10)*(1+VolumeGrowth)+SUMIF($F$5:$F$10,"No",$C$5:$C$10) -> 54478
A25: Saving at forecast volume | C25: =C23-C24 -> 4580
A27: Finance's own model puts the forecast saving nearer $4,900 a month. It assumes the worker and cache tiers grow more slowly than posting volume; this sheet holds them flat, which is the cautious reading.

Sheet Risk register
A1: Risk register
A2: Score is likelihood multiplied by impact, both on a 1-5 scale. Scoring follows PE-STD-004.
A4: ID | B4: Risk | C4: Likelihood | D4: Impact | E4: Score | F4: Gates cutover | G4: Owner | H4: Mitigation
A5: R-01 | B5: Statement endpoint misses its latency objective | C5: 4 | D5: 3 | E5: =C5*D5 -> 12 | F5: =IF(E5>=RiskGateThreshold,"Yes","No") -> Yes | G5: M. Farouk | H5: Add the covering index; ship in 3.0.5 before cutover
A6: R-02 | B6: Dual-write drift during the cutover window | C6: 3 | D6: 5 | E6: =C6*D6 -> 15 | F6: =IF(E6>=RiskGateThreshold,"Yes","No") -> Yes | G6: A. Reyes | H6: Freeze writes for 90 s, reconcile before opening traffic
A7: R-03 | B7: Foreign-exchange rounding defect returns after 3.0.4 | C7: 2 | D7: 5 | E7: =C7*D7 -> 10 | F7: =IF(E7>=RiskGateThreshold,"Yes","No") -> No | G7: J. Lindqvist | H7: Property-based test in CI across 10 million generated cases
A8: R-04 | B8: Rollback exceeds the 30-minute recovery objective | C8: 3 | D8: 5 | E8: =C8*D8 -> 15 | F8: =IF(E8>=RiskGateThreshold,"Yes","No") -> Yes | G8: A. Reyes | H8: Rehearse twice; keep v2.7 warm for 14 days
A9: R-05 | B9: On-call rotation unfamiliar with the new runbook | C9: 4 | D9: 2 | E9: =C9*D9 -> 8 | F9: =IF(E9>=RiskGateThreshold,"Yes","No") -> No | G9: S. Okafor | H9: Two game days completed before cutover
A10: R-06 | B10: Cold-read regression bites under a cache flush | C10: 3 | D10: 3 | E10: =C10*D10 -> 9 | F10: =IF(E10>=RiskGateThreshold,"Yes","No") -> No | G10: M. Farouk | H10: Pre-warm the cache; roll out in 5% stages
A12: Highest score | C12: =MAX(E5:E10) -> 15
A13: Risks that gate the cutover | C13: =COUNTIF(F5:F10,"Yes") -> 3
A14: Gate threshold | C14: =RiskGateThreshold -> 12

Sheet Readiness
A1: Operational readiness
A2: The checklist as it stood on 21 August 2026. Status is a dropdown; the counts below follow it.
A4: Area | B4: Owner | C4: Status | D4: Evidence
A5: Runbooks rewritten | B5: S. Okafor | C5: Complete | D5: PE-DOC-311, reviewed 4 August
A6: Dashboards and alerts | B6: M. Farouk | C6: Complete | D6: 18 panels, 11 alert rules
A7: Rollback rehearsal | B7: A. Reyes | C7: Not started | D7: Blocker B-2
A8: Game days (2 required) | B8: S. Okafor | C8: In progress | D8: 1 of 2 done — blocker B-3
A9: Backup and restore drill | B9: J. Lindqvist | C9: Complete | D9: Restored 412M rows in 24 minutes
A10: Capacity headroom of 40% or more | B10: M. Farouk | C10: Complete | D10: Measured 61% at peak
A12: Items on the checklist | C12: =COUNTA(A5:A10) -> 6
A13: Complete | C13: =COUNTIF(C5:C10,"Complete") -> 4
A14: In progress | C14: =COUNTIF(C5:C10,"In progress") -> 1
A15: Not started | C15: =COUNTIF(C5:C10,"Not started") -> 1
A16: Share complete | C16: =C13/C12 -> 0.66666667
A18: The two open items are blockers B-2 and B-3. Both have a named owner and a dated exit; see the risk register and section 6 of the report.
